id,firstname,lastname,email,gender,username,userid,ip/0/v4,ip/0/v6,Country,location/0/time_zone,location/0/longitude,location/0/latitude,date,time,about
1,KD,Puvvadi,kdpuvvadi@berkeley.edu,Male,kdpuvvadi,d969950236dcc341b3492866bae6b6ebd1c3f5a7,208.44.34.160,19ad:e870:b1fd:4787:5a35:c7a5:432d:b987,India,Asia/Kolkatta,5.996755,52.1972058,09-07-2021,16:37:55,
2,Jessie,Eastment,jeastment1@guardian.co.uk,Female,jeastment1,bd7df77e322549ee610c51647330fb7696111dc0,175.19.95.184,bd85:a880:2535:bcf5:347b:b7:14a9:7dc5,Canada,America/Vancouver,-113.60475,51.32372,04-02-2022,23:17:04,Aenean lectus.
3,Thatch,Bliss,tbliss2@mail.ru,Male,tbliss2,6f2a43932ef2d77b4f4a491582221fbc05908574,65.169.86.248,4fb0:4e49:798a:de90:be92:5528:7794:9f96,Canada,America/Vancouver,-96.50029,49.51688,18-02-2022,14:29:15,Nulla ac enim.
4,Hartley,Glover,hglover3@imdb.com,Male,hglover3,8dab7da92e6e81c1b0ab05d6a53d80284daad61f,97.246.225.199,5913:ad26:703b:1f1c:b96:ff0d:e0d7:12fa,Canada,America/Vancouver,-71.3205493,48.5556837,01-02-2022,11:06:25,
5,Bourke,Volk,bvolk4@quantcast.com,Male,bvolk4,461f99b4533a19af4fc383156bb0a411e81244f4,249.225.180.41,f3a3:4387:5a5:687b:25f7:7986:3e96:3377,Netherlands,Europe/Amsterdam,6.893632,52.2254703,20-01-2022,22:10:59,Aliquam non mauris. Morbi non lectus. Aliquam sit amet diam in magna bibendum imperdiet.
6,Blake,Ivel,bivel5@cafepress.com,Male,bivel5,11dd16a9642a2fe6df8f24bd6d863f06832d93dc,213.138.174.31,2fc2:9b1b:4c78:91c0:1b71:560c:240d:ccc,Netherlands,Europe/Amsterdam,4.8827921,52.3612714,06-03-2022,06:18:55,Nulla mollis molestie lorem.
7,Kendre,Foyle,kfoyle6@nyu.edu,Female,kfoyle6,a7953014412e055f9fdb1106e4d62d3149ca1b3f,123.104.201.195,9ae4:a5e3:c0a9:a913:8594:d8a6:181a:42f5,India,Asia/Kolkata,-117.55222,49.11654,01-07-2021,05:43:26,"Quisque arcu libero, rutrum ac, lobortis vel, dapibus at, diam. Nam tristique tortor eu pede."
8,Orbadiah,Hillaby,ohillaby7@cbc.ca,Male,ohillaby7,81df46082b3d522651d6b142ab24740ff7fdf070,44.66.248.243,bc54:471:627d:38dc:e21c:49c6:1100:2adb,Netherlands,Europe/Amsterdam,6.1433403,52.5168356,20-05-2022,03:12:14,Integer ac neque. Duis bibendum. Morbi non quam nec dui luctus rutrum.
9,Boycie,Pellingar,bpellingar8@taobao.com,Male,bpellingar8,ee2420fd66fbff9e3f14051676bd87abff811a7a,189.240.164.24,c80e:b94d:34fd:caf6:3109:7325:e0af:c140,Canada,America/Vancouver,-113.33531,53.83345,27-02-2022,15:29:12,"Nam ultrices, libero non mattis pulvinar, nulla pede ullamcorper augue, a suscipit nulla elit ac nulla. Sed vel enim sit amet nunc viverra dapibus. Nulla suscipit ligula in lacus."
10,Nissa,Jeandin,njeandin9@hibu.com,Female,njeandin9,4b9a6ee9eff9107b85261bdf51ba1aa35168d005,62.101.8.189,3d93:95aa:1f42:c750:a168:f387:b203:73bc,Australia,America/Vancouver,-79.8576828,43.5167511,03-12-2021,06:30:42,"In est risus, auctor sed, tristique in, tempus sit amet, sem. Fusce consequat. Nulla nisl."
11,Ashli,Lammertz,alammertza@foxnews.com,Female,alammertza,f1faae8ae2d5b2c62148d5ef01e7680348d8c62d,89.48.245.20,52dc:188a:c70a:b7ea:88b3:503c:8a42:6c34,Australia,America/Vancouver,-111.4052626,56.6441805,25-11-2021,04:18:36,Praesent id massa id nisl venenatis lacinia.
12,Loralee,Fernant,lfernantb@clickbank.net,Female,lfernantb,9e4037441db67185cc9ed7cf301c02207255ead0,33.249.43.188,24a:2701:7ff3:de1f:278b:ae18:2535:a450,Canada,America/Vancouver,-77.3956004,44.165829,27-02-2022,03:15:03,"Donec diam neque, vestibulum eget, vulputate ut, ultrices vel, augue. Vestibulum ante ipsum primis in faucibus orci luctus et ultrices posuere cubilia Curae; Donec pharetra, magna vestibulum aliquet ultrices, erat tortor sollicitudin mi, sit amet lobortis sapien sapien non mi. Integer ac neque."
13,Adah,McIlroy,amcilroyc@wunderground.com,Female,amcilroyc,c6008451ccb284bdef2c701e15d3c795db17e20c,78.88.55.196,46ef:d501:8b4:d923:931e:3879:4b53:5b9f,India,Asia/Kolkata,-104.00092,53.36678,31-03-2022,08:22:44,Cras in purus eu magna vulputate luctus.
14,Aurelia,Elflain,aelflaind@live.com,Female,aelflaind,9e5ff502b013150b86170e1f7c4db5c18b31d56b,213.125.192.122,5c87:f15:710:bc52:e000:9e2a:a4f4:ea8b,Canada,America/Vancouver,-113.2861822,54.7214094,17-09-2021,12:00:07,Etiam faucibus cursus urna. Ut tellus. Nulla ut erat id mauris vulputate elementum.
15,Viole,Bleeze,vbleezee@smugmug.com,0,vbleezee,39579e8c18be5e9064bc836d937077b399acf7f9,56.96.82.201,ea50:bc54:49ef:a190:b1bc:2958:7a66:df38,Canada,America/Vancouver,-79.4619506,44.2298189,21-11-2021,21:09:36,Mauris lacinia sapien quis libero. Nullam sit amet turpis elementum ligula vehicula consequat. Morbi a ipsum.
16,Michal,Hellmore,mhellmoref@timesonline.co.uk,Male,mhellmoref,b112b80558ea8b233ffee403f3ef5aec1fd1c072,229.36.68.237,de58:b005:67a:b08c:4c25:fe9:ed32:4238,Netherlands,Europe/Amsterdam,4.9091171,52.3444367,09-04-2022,03:07:50,Donec vitae nisi.
17,Morgen,Amy,mamyg@stanford.edu,Female,mamyg,86fbbb9e1e7679906cd1bca6cf84f3446e122251,234.237.88.15,6bcd:996e:a379:aaed:3993:cc5a:a8a4:7f07,Australia,Australia/Perth,151.2502275,-33.7974423,14-09-2021,09:41:48,
18,Roseann,Axtell,raxtellh@google.com.br,Female,raxtellh,b87a5abfac4b9cd826ce1361618b33197e6b357c,185.143.25.213,ead4:8568:b33f:18c6:f5bf:ac58:d092:4a7a,Netherlands,Europe/Amsterdam,4.4982869,52.1513886,16-10-2021,04:59:28,"Curabitur in libero ut massa volutpat convallis. Morbi odio odio, elementum eu, interdum eu, tincidunt in, leo."
19,Benedikta,Woolway,bwoolwayi@shutterfly.com,Female,bwoolwayi,515d998880e55554df480c14349822e923401a26,230.48.104.230,d6b9:6d1c:e128:f39e:9b29:fe47:775d:4809,Canada,America/Vancouver,-73.3436918,45.5257774,02-07-2021,03:42:24,Phasellus in felis.
20,Simonette,Diggens,sdiggensj@histats.com,Female,sdiggensj,f41d1f0eeb4d2ccb7afb0009be4a14d22bdcca83,24.232.179.132,3d6:4ba:61ee:c357:e53a:88eb:f0ec:1a7,Canada,America/Vancouver,-99.66364,49.18332,08-07-2021,16:33:20,Donec quis orci eget orci vehicula condimentum.
21,Lynnet,Marfell,lmarfellk@hud.gov,Female,lmarfellk,cb8c7f026612af647d8c47d233b8b17d1b99a594,125.134.58.133,bad0:716a:d205:117c:7bcd:74e0:6bf2:b177,Canada,America/Vancouver,-73.3436918,45.5257774,29-11-2021,17:37:35,"In hac habitasse platea dictumst. Aliquam augue quam, sollicitudin vitae, consectetuer eget, rutrum at, lorem."
22,Burnard,Stovin,bstovinl@chronoengine.com,Male,bstovinl,14b35231c3aca1f7cc17154444581a04f6736f90,211.108.60.148,e019:4e2c:2bf1:850c:bd1a:d2bd:c845:823,Canada,America/Vancouver,-57.59837,49.01671,21-12-2021,18:27:10,"Curabitur in libero ut massa volutpat convallis. Morbi odio odio, elementum eu, interdum eu, tincidunt in, leo. Maecenas pulvinar lobortis est."
23,Thaxter,Blanchette,tblanchettem@oakley.com,Male,tblanchettem,ccb4949f8689121feb348eb4aaa2d386404c4f5c,123.174.103.206,fcb1:cde2:31d0:9446:3e63:9743:dc3c:78b6,Canada,America/Vancouver,-73.5408926,45.3689432,04-11-2021,15:38:20,"In est risus, auctor sed, tristique in, tempus sit amet, sem."
24,Nataline,Tanzer,ntanzern@seesaa.net,Female,ntanzern,a4beada3f48c93bbd050d813a120cd08ad8685c9,135.228.74.50,9fbc:c414:ccce:4b6a:d5ac:27e6:c69:d1db,Netherlands,Europe/Amsterdam,4.3557381,51.991495,11-04-2022,15:36:24,Cras in purus eu magna vulputate luctus.
25,Nevile,Childers,nchilderso@google.com,Male,nchilderso,e70e4cc7d0b545344b2d306064a9ca6baa7a2a75,162.221.254.119,5f2e:6978:5800:d12e:ac7a:64c:6907:ea4c,India,Asia/Kolkata,-73.471152,45.5417415,19-03-2022,15:19:47,"Cum sociis natoque penatibus et magnis dis parturient montes, nascetur ridiculus mus. Vivamus vestibulum sagittis sapien."
26,Darius,Basson,dbassonp@squidoo.com,Male,dbassonp,22a0fffd24aedb41a8299b2fbd0ca2ee738b3475,205.226.91.114,3cf4:e561:aa90:5afb:1377:3878:d102:d8da,Netherlands,Europe/Amsterdam,4.3161176,52.0393765,19-02-2022,08:06:06,"Cras mi pede, malesuada in, imperdiet et, commodo vulputate, justo. In blandit ultrices enim. Lorem ipsum dolor sit amet, consectetuer adipiscing elit."
27,Renae,McKearnen,rmckearnenq@mtv.com,Female,rmckearnenq,a53746a644b09fc1d0708bd986f5602da04adc91,210.143.87.22,39be:2b45:36a3:2736:2fb0:e569:8e92:2ee6,Canada,America/Vancouver,-115.572212,51.1845319,11-11-2021,02:24:19,"Mauris enim leo, rhoncus sed, vestibulum sit amet, cursus id, turpis. Integer aliquet, massa id lobortis convallis, tortor risus dapibus augue, vel accumsan tellus nisi eu orci."
28,Zaccaria,Howett,zhowettr@webnode.com,Male,zhowettr,283e0c80bd66b74766ae04007d5ccac5f3cec8ee,82.3.214.124,af21:3cc8:1d03:a07:f292:9c76:afa7:d015,Canada,America/Vancouver,-80.9828842,42.7729381,20-06-2022,16:40:52,"Fusce congue, diam id ornare imperdiet, sapien urna pretium nisl, ut volutpat sapien arcu sed augue."
29,Tucker,Rainford,trainfords@mysql.com,Male,trainfords,636aa0a37f692321e8f889977d57496b602983c7,152.146.39.30,8fe3:cb7b:7a54:9f0c:5e19:f2f6:1170:5579,Canada,America/Vancouver,-73.9157063,45.4574274,08-10-2021,06:38:09,Ut at dolor quis odio consequat varius. Integer ac leo.
30,Byrann,Jerrard,bjerrardt@wisc.edu,Male,bjerrardt,202353642c199d80fdc20048412de297aed8ef0f,49.86.12.205,a3c6:75e7:2010:208b:ffec:8b13:e443:eb23,Netherlands,Europe/Amsterdam,4.616419,51.924574,08-01-2022,01:22:24,Duis mattis egestas metus. Aenean fermentum.
31,Mischa,McDermott,mmcdermottu@icio.us,Male,mmcdermottu,0a846718c3134ea24fb6d727d3337bb875ac4231,49.29.105.12,2881:9e90:bf7e:8b4e:260e:7296:708d:36ae,Canada,America/Vancouver,-79.4985091,44.1087666,30-07-2021,06:48:38,"Quisque erat eros, viverra eget, congue eget, semper rutrum, nulla."
32,Giffard,Dougan,gdouganv@geocities.jp,Male,gdouganv,400730354efdcc739817c96b66909146393b9840,115.220.42.217,3d9a:66cd:f8ee:1e37:c9fe:6380:dcdd:51e0,Canada,America/Vancouver,-74.157934,45.8940717,09-09-2021,16:50:14,Mauris sit amet eros. Suspendisse accumsan tortor quis turpis.
33,Melissa,Slessor,mslessorw@redcross.org,Female,mslessorw,686c69012ab3346e8f5627ffe6457f91b858dcec,173.28.28.151,22a3:ab2d:e82a:4b78:589c:4934:10ff:4197,Canada,America/Vancouver,-79.8408787,43.691162,05-10-2021,13:04:06,"Aliquam sit amet diam in magna bibendum imperdiet. Nullam orci pede, venenatis non, sodales sed, tincidunt eu, felis. Fusce posuere felis sed lacus."
34,Maxie,Thoma,mthomax@opensource.org,Male,mthomax,f0b8236c2e8badff25eecc9ea264d23f1b67b904,254.166.154.80,431e:c131:9232:2775:22ee:5f7c:13ca:bd4f,Canada,America/Vancouver,-71.20892,46.58624,24-12-2021,15:56:33,"Pellentesque ultrices mattis odio. Donec vitae nisi. Nam ultrices, libero non mattis pulvinar, nulla pede ullamcorper augue, a suscipit nulla elit ac nulla."
35,Claudina,Simonnin,csimonniny@4shared.com,Genderfluid,csimonniny,c953257d75b1444ed970fd72fff9c8e45dfbdcab,92.213.103.206,bf60:c1e7:200d:18f7:a371:21cd:ba6d:c2e6,Canada,America/Vancouver,-123.2679395,49.3637828,19-02-2022,08:37:06,Donec semper sapien a libero. Nam dui.
36,Gardner,Pontain,gpontainz@meetup.com,Male,gpontainz,909f07ec0800a90b35e0b3caee41a4ced7a643ca,112.108.208.128,e8fa:6f56:86c2:faaa:8dc4:740e:60d6:27fa,Canada,America/Vancouver,-71.66577,45.48338,30-10-2021,21:55:36,"Proin risus. Praesent lectus. Vestibulum quam sapien, varius ut, blandit non, interdum in, ante."
37,Kaylee,McElmurray,kmcelmurray10@photobucket.com,Female,kmcelmurray10,34893e39f1fe8c2389a575278cd3934dcc4aa36f,83.177.14.54,1857:29dc:a4d0:6621:7cea:b55a:342d:73f9,Netherlands,Europe/Amsterdam,5.4757709,52.5077777,10-02-2022,03:56:57,
38,Scot,Davydenko,sdavydenko11@nbcnews.com,Male,sdavydenko11,f0dd44a94efc72b05307b412b60af5b098c27ee8,229.114.149.34,3d15:1c06:d872:f8b6:a026:4bd9:3aff:4866,Canada,America/Vancouver,-72.5477,46.34515,24-10-2021,08:02:28,Vestibulum ante ipsum primis in faucibus orci luctus et ultrices posuere cubilia Curae; Duis faucibus accumsan odio.
39,Joanne,Ruller,jruller12@apple.com,Female,jruller12,4e6454c45b7e776261bda323a1f24c110335cdc0,205.37.196.114,c8c1:bdb9:fc30:7d20:7c2d:ca71:3a4d:c07a,Canada,America/Vancouver,-73.7525458,45.3204459,06-03-2022,15:15:27,Nunc purus. Phasellus in felis. Donec semper sapien a libero.
40,Kerry,Snellman,ksnellman13@mysql.com,Female,ksnellman13,dffcdbf3a4fe5ef8949357ea845158d34a5abfe2,146.215.9.165,b44f:642c:cb42:117e:9309:91d:95ed:bd1f,Netherlands,Europe/Amsterdam,6.0694,53.0985458,27-10-2021,19:28:26,"Nam ultrices, libero non mattis pulvinar, nulla pede ullamcorper augue, a suscipit nulla elit ac nulla. Sed vel enim sit amet nunc viverra dapibus. Nulla suscipit ligula in lacus."
41,Hamel,Kaming,hkaming14@technorati.com,Bigender,hkaming14,eed4ff8dd4daa76f70c54a47901191a0e4aa1dcf,239.62.93.40,eff2:3acd:1eef:e5b2:fdcb:43ce:abd9:1e1,Netherlands,Europe/Amsterdam,5.0314656,51.5731362,02-11-2021,12:26:11,"Nulla ac enim. In tempor, turpis nec euismod scelerisque, quam turpis adipiscing lorem, vitae mattis nibh ligula nec sem."
42,Jacob,Fusedale,jfusedale15@mapy.cz,Male,jfusedale15,86e2e90271171cad1e12b7799c94c5e07c98ef05,150.190.203.98,7e5d:7664:8a44:707d:b14d:1231:5d41:e2db,Canada,America/Vancouver,-112.1496533,49.7859606,21-08-2021,09:05:34,Suspendisse accumsan tortor quis turpis.
43,Alano,Gary,agary16@bigcartel.com,Male,agary16,192fd41fadef5f3f58631aefb1609ac50c604378,227.66.183.214,2730:b40e:e850:c935:7fd1:394e:eb87:aa81,Canada,America/Vancouver,-55.04816,49.24993,21-04-2022,16:35:44,In quis justo. Maecenas rhoncus aliquam lacus. Morbi quis tortor id nulla ultrices aliquet.
44,Antonio,Heggison,aheggison17@washington.edu,Male,aheggison17,3c9dbe7f9d684c44b947a9d2122cfc39434ed6f0,62.59.138.216,4e91:3329:5da5:e08:c19a:18bd:c099:4443,Canada,America/Vancouver,-79.1012197,43.8521146,02-05-2022,18:18:52,"Vivamus metus arcu, adipiscing molestie, hendrerit at, vulputate vitae, nisl. Aenean lectus."
45,Pam,Brosoli,pbrosoli18@youku.com,Female,pbrosoli18,a7f472db9763f559bddd82fea68f8bde7e091284,26.190.140.95,3205:764:8f3:1002:57bd:dd65:79e1:28d0,Canada,America/Vancouver,-113.4729375,53.09697,18-04-2022,19:34:31,Aliquam quis turpis eget elit sodales scelerisque.
46,Erinna,Busst,ebusst19@china.com.cn,Female,ebusst19,4abc50bfd1dffd9d83c4b782895c1b1a5be8719e,9.64.191.149,c69f:c072:1558:3cf:24d0:1442:8707:375c,Canada,America/Vancouver,-79.7007211,44.3244029,22-11-2021,00:18:58,
47,Sigfried,Anger,sanger1a@netscape.com,Male,sanger1a,085aaac04f6ab15f159fb6e4a71234d39164d450,178.173.206.129,5ba9:352f:52f2:c44:2d95:df80:45f:d682,Netherlands,Europe/Amsterdam,5.162358,52.2766397,30-03-2022,06:28:50,Nulla mollis molestie lorem.
48,Maria,Ribey,mribey1b@smugmug.com,Female,mribey1b,ce42cf69fcacfdea6890b8227c4d386384e62efa,217.242.106.227,c5ce:87c1:b6e8:67c2:bdb:726a:1089:1135,Canada,America/Vancouver,-96.8791564,50.1369112,08-09-2021,20:22:44,"Fusce posuere felis sed lacus. Morbi sem mauris, laoreet ut, rhoncus aliquet, pulvinar sed, nisl."
49,Benjie,Rudgard,brudgard1c@phpbb.com,Male,brudgard1c,5352cfbac0b788d51893a5cd9254906b8542dda2,197.205.141.6,f16f:9682:fd96:c596:b46b:7b9e:b6a3:24b5,Canada,America/Vancouver,-66.8869412,50.0234664,24-04-2022,09:06:58,Proin risus. Praesent lectus.
50,Nancey,Brokenshaw,nbrokenshaw1d@illinois.edu,Female,nbrokenshaw1d,609eff8dde5de6f8c0246df0d5bd6d56bafcbed6,220.14.116.140,9371:cf41:f954:23da:8cbf:8b7b:988d:c285,Canada,America/Vancouver,-121.95257,49.16638,15-11-2021,22:59:42,"Donec vitae nisi. Nam ultrices, libero non mattis pulvinar, nulla pede ullamcorper augue, a suscipit nulla elit ac nulla."
51,Cyril,Giffon,cgiffon1e@qq.com,Genderfluid,cgiffon1e,c2c25511dcedfa33dd39590dadac36d93dc95eea,141.138.50.61,8167:3cfd:d25e:d2e:d7d6:79e9:461b:a9b2,Netherlands,Europe/Amsterdam,5.0840393,51.5742615,26-06-2022,16:37:29,Integer tincidunt ante vel ipsum.
52,Lynne,Tylor,ltylor1f@csmonitor.com,Female,ltylor1f,dd9dc171cbaa58c630a91f25b9ecdfabe9ec34dc,63.183.94.83,1fd7:7919:4ab:8887:88da:a53f:4ce8:a86f,Australia,Australia/Perth,138.6007456,-34.9284989,09-09-2021,20:30:53,Donec dapibus. Duis at velit eu est congue elementum.
53,Carmella,Harron,charron1g@umich.edu,Female,charron1g,08e51922165df9455d9184ab65dc224cbd89292e,73.18.50.100,e400:4d41:e712:c9b2:263f:4278:f87e:6df3,Canada,America/Vancouver,-121.3246,50.81011,06-05-2022,08:59:27,Phasellus sit amet erat. Nulla tempus.
54,Janette,Rickardes,jrickardes1h@flavors.me,Female,jrickardes1h,9e8a6764e8daedec64088524e6d6030aa045fc5b,198.15.5.110,645d:4cf2:689b:5740:4f8b:1ad0:a765:1269,Canada,America/Vancouver,-77.63279,48.43349,01-03-2022,05:54:13,"Quisque erat eros, viverra eget, congue eget, semper rutrum, nulla."
55,Kathrine,Vany,kvany1i@disqus.com,Female,kvany1i,aa4e00a7f3e43fc0fe7a0e43b7fbf9d7ca85f52c,199.221.43.254,96ae:7d1b:168f:2e00:c17f:824b:e1d8:d664,Canada,America/Vancouver,-112.80195,53.76686,08-05-2022,22:41:48,"Cras pellentesque volutpat dui. Maecenas tristique, est et tempus semper, est quam pharetra magna, ac consequat metus sapien ut nunc. Vestibulum ante ipsum primis in faucibus orci luctus et ultrices posuere cubilia Curae; Mauris viverra diam vitae quam."
56,Ely,Pease,epease1j@live.com,Male,epease1j,bf376a41a98425ee6cb2323f4d36acae7cd1ec49,171.143.205.160,8e72:6790:3d5a:46f4:c6ed:24ff:b4f3:43c2,Netherlands,Europe/Amsterdam,5.8715134,51.8417492,14-02-2022,18:40:10,Mauris ullamcorper purus sit amet nulla.
57,Jennette,Lawtey,jlawtey1k@tuttocitta.it,Female,jlawtey1k,f62de669a9c55dd0b5e6a5ed7fbcb811b502f16c,68.192.149.245,1910:12de:72a6:8ffd:f5d9:82e7:6558:6a1a,Australia,Australia/Perth,145.297768,-38.043127,29-06-2021,14:34:48,"Donec ut mauris eget massa tempor convallis. Nulla neque libero, convallis eget, eleifend luctus, ultricies eu, nibh. Quisque id justo sit amet sapien dignissim vestibulum."
58,Lucila,Ferreo,lferreo1l@imdb.com,Female,lferreo1l,ff9fd4f5cc717033d72d3bff299f0a7fd88dc526,206.16.110.98,e8a7:3329:5047:c1c1:34ba:9c38:42:3e15,Netherlands,Europe/Amsterdam,4.8886159,52.3738284,25-11-2021,10:28:28,"Nam ultrices, libero non mattis pulvinar, nulla pede ullamcorper augue, a suscipit nulla elit ac nulla. Sed vel enim sit amet nunc viverra dapibus. Nulla suscipit ligula in lacus."
59,Kendrick,Cuppleditch,kcuppleditch1m@ning.com,Genderqueer,kcuppleditch1m,52484a0183cd7fddb872bb4def4a5d585f55a323,198.99.177.31,5ad8:7ada:e3a9:d695:cf22:769f:e94b:e36,Netherlands,Europe/Amsterdam,5.8715134,51.8417492,06-01-2022,15:29:17,In hac habitasse platea dictumst.
60,Linus,Dellatorre,ldellatorre1n@comsenz.com,Male,ldellatorre1n,445cf8b289ffb485abdb7302b04574cfef00b8ef,132.60.28.101,34a4:c870:7ce:590a:287a:bd5e:220d:939e,Canada,America/Vancouver,-64.5346866,46.2201972,09-07-2021,07:28:58,Nulla ut erat id mauris vulputate elementum. Nullam varius. Nulla facilisi.
61,Joelie,Fermin,jfermin1o@time.com,Female,jfermin1o,c340d034586e811bc298d092371fc16f0d73a9f9,69.187.196.10,4074:93e9:1a3a:6d83:baca:404c:4208:f74,Canada,America/Vancouver,-67.08204,52.78345,01-04-2022,23:37:08,Nulla ac enim.
62,Josee,Struther,jstruther1p@tuttocitta.it,Female,jstruther1p,9052757b4c4b597b8bf4abaa2d59f59bf2f3abf5,160.73.223.207,6160:522:6acf:a27e:2f29:720e:9730:d323,Canada,America/Vancouver,-116.4428615,53.5855087,30-04-2022,22:46:36,Sed accumsan felis. Ut at dolor quis odio consequat varius.
63,Jeremie,Scarsbrick,jscarsbrick1q@gmpg.org,Male,jscarsbrick1q,09bc6bedd910673357c5771c473a23eb2920f121,77.235.39.28,4411:4e60:8234:8416:9892:6138:f420:83a,Canada,America/Vancouver,-71.2653479,48.3705292,13-04-2022,12:05:01,Donec posuere metus vitae ipsum.
64,Veda,Maryin,vmaryin1r@yellowbook.com,Genderqueer,vmaryin1r,ef56a2eecebb82757eaa4078537e34c90af265e2,208.200.74.43,91:2670:e08a:8cc2:de4a:bbab:781b:ca82,Canada,America/Vancouver,-98.102542,49.1980747,05-11-2021,15:05:46,Vivamus in felis eu sapien cursus vestibulum. Proin eu mi. Nulla ac enim.
65,Jeddy,Tordoff,jtordoff1s@bbb.org,Male,jtordoff1s,a595aaa09deae466f00274044fd1dc4146c61d92,47.138.131.221,27ea:8f9a:b75:c4f8:c989:c256:4e78:407e,Canada,America/Vancouver,-113.8707312,50.5801021,25-01-2022,18:24:27,"Cras in purus eu magna vulputate luctus. Cum sociis natoque penatibus et magnis dis parturient montes, nascetur ridiculus mus."
66,Galven,Fleckness,gfleckness1t@reference.com,Non-binary,gfleckness1t,7a07cc6068f7203ca6e84077686099a531382d4c,49.129.92.149,7d65:78db:e105:4a24:92ea:be0f:97b:5249,Canada,America/Vancouver,-52.9940605,47.5083178,13-10-2021,12:52:43,Morbi porttitor lorem id ligula. Suspendisse ornare consequat lectus.
67,Nari,Goman,ngoman1u@xing.com,Female,ngoman1u,89b5c2c2cff8a11d15019c5c23e9afb142ee39e9,223.153.38.191,faa2:97c4:b922:d841:210f:86da:7e69:c83b,Canada,America/Vancouver,-75.7103682,45.4139794,23-03-2022,03:56:26,Donec posuere metus vitae ipsum. Aliquam non mauris. Morbi non lectus.
68,Jackie,Romushkin,jromushkin1v@sakura.ne.jp,Male,jromushkin1v,bee4d4930163644302bc7909b19135b068ef906e,136.21.49.50,4a27:850b:e194:e303:4c3e:2d5f:e2ea:27b6,Canada,America/Vancouver,-72.661835,45.3151096,06-10-2021,17:39:59,"Cras mi pede, malesuada in, imperdiet et, commodo vulputate, justo. In blandit ultrices enim. Lorem ipsum dolor sit amet, consectetuer adipiscing elit."
69,Kathrine,Deacock,kdeacock1w@bandcamp.com,Female,kdeacock1w,3f12ee4347122625f5ec7c5f0934028358988272,120.49.115.131,2511:8300:f573:8b13:614c:4ecc:da4c:778a,Netherlands,Europe/Amsterdam,4.9091171,52.3444367,03-10-2021,22:35:29,"Mauris enim leo, rhoncus sed, vestibulum sit amet, cursus id, turpis. Integer aliquet, massa id lobortis convallis, tortor risus dapibus augue, vel accumsan tellus nisi eu orci. Mauris lacinia sapien quis libero."
70,Jameson,McElwee,jmcelwee1x@comcast.net,Polygender,jmcelwee1x,118e41df3590bff4348c556f71e0fdc930dea08f,220.140.151.188,25e9:5dcb:a2e3:b08:85d0:f63a:ae32:8f05,Canada,America/Vancouver,-77.0941047,45.805566,17-11-2021,16:28:01,Phasellus in felis. Donec semper sapien a libero. Nam dui.
71,Neall,Davey,ndavey1y@washington.edu,Male,ndavey1y,c18b4478cb1b92308010ef1007aba51debf20a91,213.9.89.87,74c5:8c01:fc62:8caf:7e53:fa04:25fb:75e7,Netherlands,Europe/Amsterdam,4.2864439,51.5004971,27-04-2022,15:00:55,Donec semper sapien a libero. Nam dui.
72,Farrah,Laviss,flaviss1z@craigslist.org,Female,flaviss1z,a44c79594a8d13babe062991eb241352ab0024f2,161.22.60.3,a148:af8d:aa01:a01a:38a8:cf43:e7ab:2d75,Canada,America/Vancouver,-73.8394482,45.6181396,26-04-2022,08:41:31,Suspendisse ornare consequat lectus.
73,Kristin,Niesing,kniesing20@instagram.com,Female,kniesing20,70c2e1229a4fda15abd08332b3e7a06defbb2721,14.235.253.230,5224:5a62:468a:c737:f2ad:5610:fce1:75e7,Canada,America/Vancouver,-64.2092372,45.8299686,01-11-2021,03:36:21,"Nam nulla. Integer pede justo, lacinia eget, tincidunt eget, tempus vel, pede."
74,Lorie,Salmen,lsalmen21@adobe.com,Female,lsalmen21,dcacdb86e3975dcf8a6fe00003974f8292306e1a,237.77.127.199,7d66:b4eb:7fbd:534a:2305:4de3:7bab:b0cb,Canada,America/Vancouver,-62.88197,46.08341,27-01-2022,11:30:50,Vivamus in felis eu sapien cursus vestibulum. Proin eu mi. Nulla ac enim.
75,Kissiah,Nisot,knisot22@wikimedia.org,Female,knisot22,ee5b5e99786c0de6f0c23af5a3a912d9382903bc,18.3.136.167,f0d7:dff4:a30f:f014:a6bc:e9d0:4f70:578c,Canada,America/Vancouver,-118.98565,50.83312,18-12-2021,03:03:28,Integer a nibh. In quis justo.
76,Wolfy,Wingeat,wwingeat23@wsj.com,Male,wwingeat23,4798eac3f3e5dbefa1c371f9a1d079b020a51f20,27.23.237.81,7d3:d10e:1111:b29a:4d1e:34eb:7748:66f6,Canada,America/Vancouver,-82.1444338,42.8818379,26-12-2021,11:24:38,Donec dapibus. Duis at velit eu est congue elementum. In hac habitasse platea dictumst.
77,Veronika,Sonnenschein,vsonnenschein24@cam.ac.uk,Genderqueer,vsonnenschein24,abbdfedb1b3882fb0d0dfa963756b1442fafe6e8,183.196.101.156,a3a:ed3f:8286:3722:5262:925d:ac82:76d1,Netherlands,Europe/Amsterdam,4.6419648,52.3811357,11-05-2022,13:59:01,
78,Elisa,Liepina,eliepina25@feedburner.com,Agender,eliepina25,f2222a7a06500176f05d0e3fe186528ed856073e,183.6.124.205,4066:b183:7049:d2ee:8166:d60b:eb75:5f0,Netherlands,Europe/Amsterdam,5.9030863,51.9877935,06-12-2021,18:26:23,Aliquam sit amet diam in magna bibendum imperdiet.
79,Zebulon,McArley,zmcarley26@istockphoto.com,Male,zmcarley26,bda2fee75ff2df0ebeb1bb0a99e2cac83caf8567,60.95.12.113,a091:ce3c:37df:2191:63c6:7798:baa9:a54b,India,Asia/Kolkata,77.2122028,28.6569553,15-10-2021,04:03:44,Pellentesque eget nunc. Donec quis orci eget orci vehicula condimentum.
80,Howie,Pods,hpods27@thetimes.co.uk,Male,hpods27,c028a65243f9da1c05c6d1d5bbd10add76ffd912,24.138.78.170,f846:a65d:ba45:3c04:9b7d:10b3:24ee:3537,Netherlands,Europe/Amsterdam,4.9192294,52.3770271,26-06-2022,04:56:18,"Curabitur gravida nisi at nibh. In hac habitasse platea dictumst. Aliquam augue quam, sollicitudin vitae, consectetuer eget, rutrum at, lorem."
81,Leontine,Copner,lcopner28@soundcloud.com,Female,lcopner28,2e77fc4b220e002392731c30ef93b3dfaa2c517a,5.86.77.4,bbcd:9815:bad8:5a4f:e903:ad27:dc82:e04,Canada,America/Vancouver,-122.25257,49.05798,01-08-2021,22:20:19,Quisque ut erat. Curabitur gravida nisi at nibh. In hac habitasse platea dictumst.
82,Ginny,Stute,gstute29@usgs.gov,Polygender,gstute29,2e48444568277d826237cf01a248296f9e6adbf0,83.89.128.106,c4ce:83c0:8667:8f6:abc8:c1bd:7bff:b24a,Canada,America/Vancouver,-73.9319061,45.4235609,30-06-2021,06:14:12,In hac habitasse platea dictumst.
83,Vivie,Acuna,vacuna2a@wufoo.com,Female,vacuna2a,58d8d000a607c409ff8647b146f9b8f4fb3bb52b,248.224.149.194,d9c2:7bff:8102:78:5de5:52d1:1f3:1554,Netherlands,Europe/Amsterdam,4.3871967,51.9850245,03-09-2021,19:46:34,Ut tellus.
84,Maible,Tuma,mtuma2b@walmart.com,Female,mtuma2b,de3fabb474fa1bcc80f174bc6b8f0b9c25765b64,4.50.121.157,201d:88e0:c512:b608:5036:e708:a5f9:120f,Netherlands,Europe/Amsterdam,4.8461786,52.0825062,20-06-2022,11:12:03,Nullam porttitor lacus at turpis. Donec posuere metus vitae ipsum. Aliquam non mauris.
85,Stirling,Tozer,stozer2c@parallels.com,Male,stozer2c,6e623a98d7579ebf0cb90d7f0fe906018778df44,125.139.64.115,6392:82e3:d0b9:87b1:1b34:d5b3:24d4:2d84,Netherlands,Europe/Amsterdam,4.826445,52.4709411,16-11-2021,09:22:03,Nunc rhoncus dui vel sem.
86,Hank,Currer,hcurrer2d@flavors.me,Male,hcurrer2d,c4b373c877b7d041eb966397a384055e5ec8cee6,129.53.185.212,a63b:427f:a3c7:fc1d:10ec:4f8b:de82:f6d9,Canada,America/Vancouver,-67.08204,52.78345,11-06-2022,07:02:17,Donec ut dolor.
87,Dorolice,Troker,dtroker2e@naver.com,Female,dtroker2e,54ee1ae8ed219634ee31feaca606b5bc6db91501,73.67.70.61,46f2:de79:f99:bfb2:9ff4:2cb0:49f3:5024,Canada,America/Vancouver,-113.41857,49.71671,28-10-2021,20:37:19,Nunc purus. Phasellus in felis.
88,Philip,Amies,pamies2f@123-reg.co.uk,Male,pamies2f,27b44dd5ffaa8cc8e35adf889ac8f5fe691be5cd,151.151.251.219,8555:f597:9f2b:8c1a:cbc5:824c:3f7a:6b9,Canada,America/Vancouver,-71.875654,46.171607,19-02-2022,09:03:50,"Lorem ipsum dolor sit amet, consectetuer adipiscing elit. Proin interdum mauris non ligula pellentesque ultrices. Phasellus id sapien in sapien iaculis congue."
89,Vinita,Munt,vmunt2g@hugedomains.com,Female,vmunt2g,5f00d1f0f3646d027346f8a251863788783f7a14,199.196.162.146,5501:74cb:9696:1aba:f0cd:9138:8564:4852,Canada,America/Vancouver,-72.13239,46.20006,10-04-2022,02:19:31,
90,Ricky,Betton,rbetton2h@who.int,Female,rbetton2h,9c0b3654090cd2cea4b922be7f6c3faa8524a3d4,154.102.232.188,7e3f:735e:755a:678c:1e8a:22d2:8142:fe80,Canada,America/Vancouver,-73.4913241,45.7249153,08-09-2021,05:21:28,"Nullam orci pede, venenatis non, sodales sed, tincidunt eu, felis. Fusce posuere felis sed lacus. Morbi sem mauris, laoreet ut, rhoncus aliquet, pulvinar sed, nisl."
91,Yehudit,Findlow,yfindlow2i@redcross.org,Male,yfindlow2i,0b4d7c34955838898bad421d5a3b5226cdf280ff,36.82.198.248,6a7c:7228:7e84:1f56:1aea:9075:61a0:d572,Netherlands,Europe/Amsterdam,5.0840393,51.5742615,28-12-2021,05:50:52,"Vivamus vestibulum sagittis sapien. Cum sociis natoque penatibus et magnis dis parturient montes, nascetur ridiculus mus."
92,Bartholomeo,Tipling,btipling2j@hubpages.com,Male,btipling2j,8a082e71210e2055ee2fe85e10017acf89dbd330,250.62.197.109,cfa1:4c7e:7019:3e62:521b:f763:bce1:a42b,Netherlands,Europe/Amsterdam,5.9799297,50.9168212,01-07-2021,21:35:33,Morbi ut odio.
93,Annmaria,Draisey,adraisey2k@photobucket.com,Female,adraisey2k,6539e524711772a804a6312edd0e8d74a0376fac,68.162.155.122,d78f:26ff:42a8:ae85:66a1:a562:5416:3eda,Canada,America/Vancouver,-112.86856,49.41668,10-12-2021,18:52:47,Suspendisse accumsan tortor quis turpis. Sed ante. Vivamus tortor.
94,Barnaby,Jeannenet,bjeannenet2l@ehow.com,Male,bjeannenet2l,2f15a3a8d71713897a2959c6bb01ab1a349a6b82,46.135.12.171,3d03:ef1:a446:bd2f:cf55:7d73:3614:285d,Netherlands,Europe/Amsterdam,5.0840393,51.5742615,29-04-2022,06:12:04,Quisque id justo sit amet sapien dignissim vestibulum.
95,Trevor,Gaitskill,tgaitskill2m@addtoany.com,Male,tgaitskill2m,7f3494dc3fd060895afbf46d80207bf5b52264e2,242.162.131.193,6a1a:e4d8:3070:173a:c9fc:a8f4:3f08:8ab7,Canada,America/Vancouver,-52.94806,47.63319,27-08-2021,04:18:03,Pellentesque eget nunc.
96,Bryant,Babbe,bbabbe2n@pen.io,Male,bbabbe2n,8450e0661983492700807619450e12e58bd3bd32,225.217.54.30,b3d3:f0c8:14be:8565:b505:fb42:b7b1:3f49,Canada,America/Vancouver,-74.1402449,45.7340335,09-03-2022,04:37:02,Nulla nisl. Nunc nisl.
97,Rockie,Bucktharp,rbucktharp2o@posterous.com,Male,rbucktharp2o,85c6df57cfb4c3f5627b80df0a0c4f3aad4eec98,172.244.99.38,44c2:6cab:3e4a:4397:2358:d40b:1e9c:dba7,Australia,Australia/Perth,151.2502275,-33.7974423,01-05-2022,01:22:51,Praesent blandit.
98,Jason,Bootyman,jbootyman2p@cloudflare.com,Male,jbootyman2p,34fceec809f81605fac328c9b98ed6898da0e0e3,118.19.234.203,31b4:d022:4ad3:83e7:99cd:cad6:af5:58e4,Canada,America/Vancouver,-114.3954066,54.1187723,26-03-2022,10:01:23,"In tempor, turpis nec euismod scelerisque, quam turpis adipiscing lorem, vitae mattis nibh ligula nec sem. Duis aliquam convallis nunc. Proin at turpis a pede posuere nonummy."
99,Marne,Dudbridge,mdudbridge2q@instagram.com,Female,mdudbridge2q,b8be43f29f806e8be66e2971f8791bb91c604353,81.7.181.144,edb3:f752:29af:4420:32d9:51c0:1b38:db18,Canada,America/Vancouver,-73.2813569,45.8836384,04-02-2022,15:25:07,
100,Mohammed,Jewkes,mjewkes2r@ask.com,Male,mjewkes2r,4ba60fb7b9249765fae806578e0c3bbdfb323efb,60.200.77.225,816e:5c88:45ab:3694:7f83:f229:3e37:70f5,Canada,America/Vancouver,-66.0783767,45.4136084,05-07-2021,18:40:01,Maecenas rhoncus aliquam lacus. Morbi quis tortor id nulla ultrices aliquet.
